run_started_at,check_name,check_type,checked_models,severity,status,failing_rows,message
2026-10-09 05:30:26,not_null_stg_ecom_users_source_record_id,not_null,stg_ecom_users,warn,warn,1,"Got 1 result, configured to warn if != 0"
2026-10-09 05:30:26,warn_field_issues,custom,int_customer_records,warn,warn,2,"Got 2 results, configured to warn if != 0"
2026-10-09 05:30:26,warn_pending_reviews,custom,review_queue,warn,warn,1,"Got 1 result, configured to warn if != 0"
2026-10-09 05:30:26,warn_quarantined_records,custom,quarantine_records,warn,warn,1,"Got 1 result, configured to warn if != 0"
2026-10-09 05:30:26,accepted_values_int_customer_records_quarantine_reason__missing_source_id__no_identifying_fields,accepted_values,int_customer_records,error,pass,0,""
2026-10-09 05:30:26,accepted_values_int_scored_pairs_decision__match__review__no_match,accepted_values,int_scored_pairs,error,pass,0,""
2026-10-09 05:30:26,assert_every_record_has_customer,custom,"int_customer_records, customer_xref",error,pass,0,""
2026-10-09 05:30:26,assert_match_precision,custom,matching_accuracy,error,pass,0,""
2026-10-09 05:30:26,assert_no_dob_conflict_in_cluster,custom,"int_customer_clusters, int_customer_records",error,pass,0,""
2026-10-09 05:30:26,assert_no_rows_lost,custom,"stg_crm_customers, stg_ecom_users, int_customer_records",error,pass,0,""
2026-10-09 05:30:26,assert_pairs_ordered,custom,int_candidate_pairs,error,pass,0,""
2026-10-09 05:30:26,not_null_customer_360_customer_id,not_null,customer_360,error,pass,0,""
2026-10-09 05:30:26,not_null_customer_360_source_record_count,not_null,customer_360,error,pass,0,""
2026-10-09 05:30:26,not_null_customer_xref_customer_id,not_null,customer_xref,error,pass,0,""
2026-10-09 05:30:26,not_null_customer_xref_record_key,not_null,customer_xref,error,pass,0,""
2026-10-09 05:30:26,not_null_int_candidate_pairs_pair_key,not_null,int_candidate_pairs,error,pass,0,""
2026-10-09 05:30:26,not_null_int_customer_clusters_customer_id,not_null,int_customer_clusters,error,pass,0,""
2026-10-09 05:30:26,not_null_int_customer_clusters_record_key,not_null,int_customer_clusters,error,pass,0,""
2026-10-09 05:30:26,not_null_int_customer_records_record_key,not_null,int_customer_records,error,pass,0,""
2026-10-09 05:30:26,not_null_int_customer_records_source_system,not_null,int_customer_records,error,pass,0,""
2026-10-09 05:30:26,not_null_int_scored_pairs_decision,not_null,int_scored_pairs,error,pass,0,""
2026-10-09 05:30:26,not_null_int_scored_pairs_pair_key,not_null,int_scored_pairs,error,pass,0,""
2026-10-09 05:30:26,not_null_match_evidence_pair_key,not_null,match_evidence,error,pass,0,""
2026-10-09 05:30:26,not_null_review_queue_pair_key,not_null,review_queue,error,pass,0,""
2026-10-09 05:30:26,not_null_stg_crm_customers_source_record_id,not_null,stg_crm_customers,warn,pass,0,""
2026-10-09 05:30:26,relationships_customer_xref_customer_id__customer_id__ref_customer_360_,relationships,"customer_360, customer_xref",error,pass,0,""
2026-10-09 05:30:26,unique_customer_360_customer_id,unique,customer_360,error,pass,0,""
2026-10-09 05:30:26,unique_customer_xref_record_key,unique,customer_xref,error,pass,0,""
2026-10-09 05:30:26,unique_int_candidate_pairs_pair_key,unique,int_candidate_pairs,error,pass,0,""
2026-10-09 05:30:26,unique_int_customer_clusters_record_key,unique,int_customer_clusters,error,pass,0,""
2026-10-09 05:30:26,unique_int_customer_records_record_key,unique,int_customer_records,error,pass,0,""
2026-10-09 05:30:26,unique_int_scored_pairs_pair_key,unique,int_scored_pairs,error,pass,0,""
2026-10-09 05:30:26,unique_match_evidence_pair_key,unique,match_evidence,error,pass,0,""
2026-10-09 05:30:26,unique_review_queue_pair_key,unique,review_queue,error,pass,0,""
2026-10-09 05:30:26,warn_large_clusters,custom,int_customer_clusters,warn,pass,0,""
